{   
   "name": "TheWitcherModule",   
   "title": "TheWitcherModule",   
   "description": "Sharing Witcher data across worlds",   
   "author": "Insert Your Name Here",
   "version": "0.0.2",
   "minimumCoreVersion": "0.5.0",
   "compatibleCoreVersion":"0.8.5",
   "packs": [
{
      "name": "NormalWeapons",
      "label": "NormalWeapons",
      "path": "packs/normalweapons.db",
      "entity": "Item"
      
    }, 
{
      "name": "ElderfolkWeapons",
      "label": "ElderfolkWeapons",
      "path": "packs/elderfolkweapons.db",
      "entity": "Item"
      
    },
{
      "name": "WitcherWeapons",
      "label": "WitcherWeapons",
      "path": "packs/witcherweapons.db",
      "entity": "Item"
      
    },
{
      "name": "RelicWeapons",
      "label": "RelicWeapons",
      "path": "packs/relicweapons.db",
      "entity": "Item"
      
    },
{
      "name": "Bombs",
      "label": "Bombs",
      "path": "packs/bombs.db",
      "entity": "Item"
      
    },
{
      "name": "Traps",
      "label": "Traps",
      "path": "packs/traps.db",
      "entity": "Item"
      
    },
{
      "name": "ExperimentalAmmunition",
      "label": "ExperimentalAmmunition",
      "path": "packs/experimentalammunition.db",
      "entity": "Item"
      
    },
{
      "name": "MonsterWeapons",
      "label": "MonsterWeapons",
      "path": "packs/monsterweapons.db",
      "entity": "Item"
      
    },
{
      "name": "NormalArmors",
      "label": "NormalArmors",
      "path": "packs/normalarmors.db",
      "entity": "Item"
      
    }, 
{
      "name": "ElderfolkArmors",
      "label": "ElderfolkArmors",
      "path": "packs/elderfolkarmors.db",
      "entity": "Item"
      
    }, 
{
      "name": "RelicArmors",
      "label": "RelicArmors",
      "path": "packs/relicarmors.db",
      "entity": "Item"
      
    }, 
{
      "name": "ArmorEnhancements",
      "label": "ArmorEnhancements",
      "path": "packs/armorenhancements.db",
      "entity": "Item"
      
    },
{
      "name": "Potions/Oils",
      "label": "Potions/Oils",
      "path": "packs/potionsoils.db",
      "entity": "Item"
      
    },
{
      "name": "AlchemicalItems",
      "label": "AlchemicalItems",
      "path": "packs/alchemicalitems.db",
      "entity": "Item"
      
    },
{
      "name": "Toolkits",
      "label": "Toolkits",
      "path": "packs/toolkits.db",
      "entity": "Item"
      
    },
{
      "name": "Gear",
      "label": "Gear",
      "path": "packs/gear.db",
      "entity": "Item"
      
    },
{
      "name": "MountEquipment",
      "label": "MountEquipment",
      "path": "packs/mountequipment.db",
      "entity": "Item"
      
    },
{
      "name": "Transportation",
      "label": "Transportation",
      "path": "packs/transportation.db",
      "entity": "Item"
      
    },
{
      "name": "Runes",
      "label": "Runes",
      "path": "packs/runes.db",
      "entity": "Item"
      
    },
{
      "name": "Glyphs",
      "label": "Glyphs",
      "path": "packs/glyphs.db",
      "entity": "Item"
      
    },
{
      "name": "Spells",
      "label": "Spells",
      "path": "packs/spells.db",
      "entity": "Item"
      
    },
{
      "name": "Signs",
      "label": "Signs",
      "path": "packs/Signs.db",
      "entity": "Item"
      
    },
{
      "name": "Hexes",
      "label": "Hexes",
      "path": "packs/hexes.db",
      "entity": "Item"
      
    },
{
      "name": "Rituals",
      "label": "Rituals",
      "path": "packs/rituals.db",
      "entity": "Item"
      
    },
{
      "name": "Invocations",
      "label": "Invocations",
      "path": "packs/invocations.db",
      "entity": "Item"
      
    },
{
      "name": "Professions",
      "label": "Professions",
      "path": "packs/professions.db",
      "entity": "Item"
      
    },
{
      "name": "Races",
      "label": "Races",
      "path": "packs/races.db",
      "entity": "Item"
      
    },
{
      "name": "Monsters",
      "label": "Monsters",
      "path": "packs/monsters.db",
      "entity": "Actor"
      
    },
{
      "name": "Humanoids",
      "label": "Humanoids",
      "path": "packs/humanoids.db",
      "entity": "Actor"
      
    }, 
{
      "name": "Necrophages",
      "label": "Necrophages",
      "path": "packs/necrophages.db",
      "entity": "Actor"
      
    }, 
{
      "name": "Specters",
      "label": "Specters",
      "path": "packs/specters.db",
      "entity": "Actor"
      
    }, 
{
      "name": "Beasts",
      "label": "Beasts",
      "path": "packs/beasts.db",
      "entity": "Actor"
      
    }, 
{
      "name": "CursedOnes",
      "label": "CursedOnes",
      "path": "packs/cursedones.db",
      "entity": "Actor"
      
    }, 
{
      "name": "Hybrids",
      "label": "Hybrids",
      "path": "packs/hybrids.db",
      "entity": "Actor"
      
    }, 
{
      "name": "Insectoids",
      "label": "Insectoids",
      "path": "packs/insectoids.db",
      "entity": "Actor"
      
    }, 
{
      "name": "Elementa",
      "label": "Elementa",
      "path": "packs/elementa.db",
      "entity": "Actor"
      
    }, 
{
      "name": "Relicts",
      "label": "Relicts",
      "path": "packs/relicts.db",
      "entity": "Actor"
      
    }, 
{
      "name": "Ogroids",
      "label": "Ogroids",
      "path": "packs/ogroids.db",
      "entity": "Actor"
      
    }, 
{
      "name": "Draconids",
      "label": "Draconids",
      "path": "packs/draconids.db",
      "entity": "Actor"
      
    }, 
{
      "name": "Vampires",
      "label": "Vampires",
      "path": "packs/vampires.db",
      "entity": "Actor"
      
    }, 
{
      "name": "Animals",
      "label": "Animals",
      "path": "packs/animals.db",
      "entity": "Actor"
      
    }
  ],
  "url": "https://github.com/AnthonyMonette/TheWitcherModule",
  "manifest": "https://github.com/AnthonyMonette/TheWitcherModule/releases/latest/download/module.json",
  "download": "https://github.com/AnthonyMonette/TheWitcherModule/releases/latest/download/module.zip"
 }