{   
   "name": "MasterData",   
   "title": "MasterData",   
   "description": "Sharing data across worlds",   
   "author": "Insert Your Name Here",
   "version": "0.0.14",
   "minimumCoreVersion": "0.7.0",
   "packs": [
     {
      "name": "Weapons",
      "label": "Weapons",
      "path": "packs/weapons.db",
      "entity": "Item",
      "package": "MasterData"
    },{
      "name": "Armors",
      "label": "Armors",
      "path": "packs/armors.db",
      "entity": "Item",
      "package": "MasterData"
    },{
      "name": "Professions",
      "label": "Professions",
      "path": "packs/professions.db",
      "entity": "Item",
      "package": "MasterData"
    },{
      "name": "Races",
      "label": "Races",
      "path": "packs/races.db",
      "entity": "Item",
      "package": "MasterData"
    },{
      "name": "Monsters",
      "label": "Monsters",
      "path": "packs/monsters.db",
      "entity": "Actor",
      "package": "MasterData"
    },{
      "name": "Valuables",
      "label": "Valuables",
      "path": "packs/valuables.db",
      "entity": "Item",
      "package": "MasterData"
    },{
      "name": "Diagrams",
      "label": "Diagrams",
      "path": "packs/diagrams.db",
      "entity": "Item",
      "package": "MasterData"
    },{
      "name": "Magic",
      "label": "Magic",
      "path": "packs/magic.db",
      "entity": "Item",
      "package": "MasterData"
    },{
      "name": "Components",
      "label": "Components",
      "path": "packs/component.db",
      "entity": "Item",
      "package": "MasterData"
    }
  ],
  "url": "https://github.com/Tornur/MasterData",
  "manifest": "https://github.com/Tornur/MasterData/releases/latest/download/module.json",
  "download": "https://github.com/Tornur/MasterData/releases/latest/download/module.zip"
 }
